"ID";"DeviceID";"Date";"Technician";"PrimaryServiceText";"SecondaryServiceText"
"1";"6";"2016-02-02";"KG";"Service samtale med Mark, efter henvisning fra Erik";"Fremsendes til Hird som evt. garanti"
"2";"367";"2016-05-18";"EK";"IMEI
    357976068448372 
ICCID
    89462046041001264676 
IMSI
    240075819867757 
MSISDN
    467190006395477 
MOBIL NO SETUP.:
30803138 - ADMIN
28351103 - USER1
30803139 - USER2
30803175 - USER3
30803172 - USER4";
"3";"368";"2016-05-18";"EK";"IMEI
    357976068445337 
ICCID
    89462046041001264684 
IMSI
    240075819867758 
MSISDN
    467190006395478 
MOBIL NO. SETUP.
ADMIN 20490766 (BENNY)";
"4";"369";"2016-05-18";;"ICCID
    89462046041001264692 
IMSI
    240075819867759 
MSISDN
    467190006395479 
MOBIL NO SETUP.:
30803138 - ADMIN
28351103 - USER1
30803139 - USER2
30803175 - USER3
30803172 - USER4";
"5";"370";"2016-05-18";;"ICCID
    89462046041001264700 
IMSI
    240075819867760 
MSISDN
    467190006395480

MOBIL NO SETUP.:
30803138 - ADMIN
28351103 - USER1
30803139 - USER2
30803175 - USER3
30803172 - USER4";
"6";"371";"2016-05-18";;"ICCID
    89462046041001264718 
IMSI
    240075819867761 
MSISDN
    467190006395481 


MOBIL NO SETUP.:
30803138 - ADMIN
28351103 - USER1
30803139 - USER2
30803175 - USER3
30803172 - USER4";
"7";"372";"2016-05-18";;"ICCID
    89462046041001264726 
IMSI
    240075819867762 
MSISDN
    467190006395482 

MOBIL NO SETUP.:
30803138 - ADMIN
28351103 - USER1
30803139 - USER2
30803175 - USER3
30803172 - USER4";
"8";"373";"2016-05-18";;"ICCID
    89462046041001264726 
IMSI
    240075819867762 
MSISDN
    467190006395483 

MOBIL NO SETUP.:
30803138 - ADMIN
28351103 - USER1
30803139 - USER2
30803175 - USER3
30803172 - USER4";
"9";"374";"2016-05-18";;"ICCID
    89462046041001264742 
IMSI
    240075819867764 
MSISDN
    467190006395484 

MOBIL NO SETUP.:
30803138 - ADMIN
28351103 - USER1
30803139 - USER2
30803175 - USER3
30803172 - USER4";
"10";"375";"2016-05-18";;"ICCID
    89462046041001264759 
IMSI
    240075819867765 
MSISDN
    467190006395485 

MOBIL NO SETUP.:
30803138 - ADMIN
28351103 - USER1
30803139 - USER2
30803175 - USER3
30803172 - USER4";
"11";"376";"2016-05-18";;"ICCID
    89462046041001264767 
IMSI
    240075819867766 
MSISDN
    467190006395486 

MOBIL NO SETUP.:
30803138 - ADMIN
28351103 - USER1
30803139 - USER2
30803175 - USER3
30803172 - USER4";
"12";"377";"2016-05-18";;"ICCID
    89462046041001264775 
IMSI
    240075819867767 
MSISDN
    467190006395487 

MOBIL NO SETUP.:
30803138 - ADMIN
28351103 - USER1
30803139 - USER2
30803175 - USER3
30803172 - USER4";
"13";"378";"2016-05-18";;"ICCID
    89462046041001264783 
IMSI
    240075819867768 
MSISDN
    467190006395488 

MOBIL NO SETUP.:
30803138 - ADMIN
28351103 - USER1
30803139 - USER2
30803175 - USER3
30803172 - USER4";
"14";"379";"2016-05-18";;"ICCID
    89462046041001264791 
IMSI
    240075819867769 
MSISDN
    467190006395489

MOBIL NO SETUP.:
30803138 - ADMIN
28351103 - USER1
30803139 - USER2
30803175 - USER3
30803172 - USER4";
"15";"380";"2016-05-18";;"ICCID
    89462046041001264809 
IMSI
    240075819867770 
MSISDN
    467190006395490 ";
"16";"381";"2016-05-18";;"ICCID
    89462046041001264817 
IMSI
    240075819867771 
MSISDN
    467190006395491 ";
"17";"382";"2016-05-18";;"ICCID
    89462046041001264825 
IMSI
    240075819867772 
MSISDN
    467190006395492 ";
"18";"383";"2016-05-18";;"ICCID
    89462046041001264833 
IMSI
    240075819867773 
MSISDN
    467190006395493 ";
"19";"411";"2016-05-27";;"ICCID
    89462046041001264841 
IMSI
    240075819867774 
MSISDN
    467190006395494 ";
"20";"412";"2016-05-27";;"ICCID
    89462046041001264858 
IMSI
    240075819867775 
MSISDN
    467190006395495 ";
"21";"413";"2016-05-27";;"ICCID
    89462046041001264866 
IMSI
    240075819867776 
MSISDN
    467190006395496 ";
"22";"414";"2016-05-27";;"ICCID
    89462046041001264874 
IMSI
    240075819867777 
MSISDN
    467190006395497 ";
"23";"415";"2016-05-27";;"ICCID
    89462046041001264882 
IMSI
    240075819867778 
MSISDN
    467190006395498 ";
"24";"416";"2016-05-27";;"ICCID
    89462046041001264890 
IMSI
    240075819867779 
MSISDN
    467190006395499 ";
"25";"417";"2016-05-27";;"ICCID
    89462046041001264908 
IMSI
    240075819867780 
MSISDN
    467190006395500 ";
"26";"418";"2016-05-27";;"ICCID
    89462046041001264916 
IMSI
    240075819867781 
MSISDN
    467190006395501 ";
"27";"419";"2016-05-27";;"ICCID
    89462046041001264924 
IMSI
    240075819867782 
MSISDN
    467190006395502";
"28";"420";"2016-05-27";;"ICCID
    89462046041001264932 
IMSI
    240075819867783 
MSISDN
    467190006395503";
"29";"421";"2016-05-27";;"ICCID
    89462046041001264940 
IMSI
    240075819867784 
MSISDN
    467190006395504";
"30";"422";"2016-05-27";;"ICCID
    89462046041001264957 
IMSI
    240075819867785 
MSISDN
    467190006395505";
"31";"423";"2016-05-27";;"ICCID
    89462046041001264965 
IMSI
    240075819867786 
MSISDN
    467190006395506";
"32";"424";"2016-05-27";;"ICCID
    89462046041001264973 
IMSI
    240075819867787 
MSISDN
    467190006395507";
"33";"425";"2016-05-27";;"ICCID
    89462046041001264981 
IMSI
    240075819867788 
MSISDN
    467190006395508 ";
"34";"426";"2016-05-27";;"ICCID
    89462046041001264999 
IMSI
    240075819867789 
MSISDN
    467190006395509";
"35";"427";"2016-05-29";;"ICCID
    89462046041001265004 
IMSI
    240075819867790 
MSISDN
    467190006395510 ";
"36";"428";"2016-05-29";;"ICCID
    89462046041001265012 
IMSI
    240075819867791 
MSISDN
    467190006395511 ";
"37";"441";"2016-05-29";;"ICCID
    89462046041001265020 
IMSI
    240075819867792 
MSISDN
    467190006395512 ";
"38";"442";"2016-05-29";;"ICCID
    89462046041001265038 
IMSI
    240075819867793 
MSISDN
    467190006395513 ";
"39";"443";"2016-05-29";;"ICCID
    89462046041001265046 
IMSI
    240075819867794 
MSISDN
    467190006395514 ";
"40";"444";"2016-05-29";;"ICCID
    89462046041001265053 
IMSI
    240075819867795 
MSISDN
    467190006395515 ";
"41";"367";"2016-06-01";"Jeppe / EK";"Er flyttet i DB fra Intercargo til ICB - DK31.
MSL-100  sn.16-1005 er mugligvis deffekt. Det er den den erstatter.
Udskiftet af Jeppe IMJB d.d. ";
"42";"368";"2016-06-01";"Jeppe / EK";"01/06-2016
Den er muligvis deffekt. Er udskiftet med sn. 16-1004 d.d.";
"43";"1511";"2017-02-08";"EK";"ICCID
    89462046041001265079 
IMSI
    240075819867797 
MSISDN
    467190006395517";"Beregnet til AGV firmwareupdate"
"44";"1512";"2017-02-08";"EK";"ICCID
    89462046041001265087 
IMSI
    240075819867798 
MSISDN
    467190006395518 ";"Beregnet til AGV Firmwareupdate."
"45";"142";"2017-02-10";"KG";"Reklamation afvist pga. fugt I stik til label.
Ny label monteret.
Afprøvet.";
"46";"238";"2017-02-10";"KG";"Defekt label, led 2 lyser ikke.
Label udskiftet.
Afprøvet";
"47";"145";"2017-02-10";"KG";"Label defect, led nr 3 lyser ikke.
Label udskiftet.
Afprøvet.";
"48";"999";"2017-03-17";"KG";"Reklamation.
Udskiftning af begge print I tillerhead.
Fejl pga. lak I stik.";
"49";"769";"2017-03-17";"KG";"Reklamation.
Udskiftning af begge print I tillerhead.
Fejl pga. lak I stik.";
"50";"1087";"2017-03-21";"KG";"Udskiftning af label.
Afprøvet.";"Label havde fået en skade som havde afbrudt en forbindelse."
"51";"1925";"2017-04-07";;"IMEI
    357976067099515 
ICCID
    89462046041001265095 
IMSI
    240075819867799 
MSISDN
    467190006395519";
"52";"664";"2017-04-12";"KG";"Udskiftning af label.
Afprøvet.";"Der har været fugt I den."
"53";"1690";"2017-04-27";"KG";"Udskiftning af ladekredsløb.
Montering af Zenerdiode på indgang fra lader.";
"54";"1957";"2017-05-01";;"ICCID
    89462046041001265061 
IMSI
    240075819867796 
MSISDN
    467190006395516";
"55";"1959";"2017-05-01";;"ICCID
    89462046041001265103 
IMSI
    240075819867800 
MSISDN
    467190006395520 ";
"56";"1954";"2017-05-01";;"ICCID
    89462046041001265103 
IMSI
    240075819867800 
MSISDN
    467190006395520 ";
"57";"1962";"2017-05-01";;"IMEI
    357976068523075 
ICCID
    89462046041001265053 
IMSI
    240075819867795 
MSISDN
    467190006395515";
"58";"1961";"2017-05-01";;"IMEI
    357976068445337 
ICCID
    89462046041001264684 
IMSI
    240075819867758 
MSISDN
    467190006395478";
"59";"1108";"2017-05-23";"KG";"Udskiftning af ladekredsløb.
Montering af zenerdiode på indgang fra lader.";
"60";"166";"2017-06-14";"KG";"Rep af dårlig lodning ved stik på MMB-Board
";
"61";"1953";"2017-06-19";"hb";"test 19/6-17";"tester"
"62";"2372";"2017-07-12";"EK";"Omlavet til APB-613-04";
"63";"203";"2017-08-04";"KG";" Reklamation afvist, da der har været fugt i fjernbetjeningen.
 Udskiftning af label.
 Udskiftning af potmeter.
 Afprøvet.";
"64";"137";"2017-08-15";"KG";"Reklamation afvist, da der har været rykket i ledningen så stikket var i stykker.
Udskiftning af stik og stikben.
Afprøvet.";
"65";"1992";"2017-08-15";"KG";"Reklamation godkendt.
Udskiftning af lydgiver.
Afprøvet.";
"66";"1894";"2017-08-15";"KG";"Afprøvet. Kan ikke finde nogen fejl.
";"Kunden siger at knap 2 ikke virker"
"67";"2509";"2017-08-15";"KG";"Kontrol af fjernbetjening, ok.
Har fået nyt serie nr.
";"Prototype, som har fået nyt serie nr."
"68";"931";"2017-08-15";"KG";"Reklamation godkendt.
Udskiftning af modstand til måling af batterispænding
Afprøvet";"Controller viste 36 volt når der var 24 Volt."
"69";"1885";"2017-08-16";"KG";"Reklamation godkendt.
Rep af dårlig lodning ved stik til CANBUS forbindelse.
Afprøvet.";
"70";"674";"2017-08-17";"KG";"Udskiftning af label.
Udskiftning af potmeter.
Afprøvet.";
"71";"1809";"2017-09-01";"NV";"Opdateret til softwareversion 2.53";
"72";"676";"2017-10-10";"NV";"Reklamation afvist pga fugt.
Udskiftet label, pot.meter, lydgiver og smd modstand. 
Afprøvet.";"Ordrenr 15160"
"73";"1286";"2017-10-10";"NV";"Reklamation afvist pga fejl i label.
Udskiftet label og pot.meter.
Afprøvet.";"Ordre 15159"
"74";"1924";"2017-10-10";"NV";"Reklamation afvist pga fugt.
Udskiftet label.
Afprøvet.";"Ordre 15161"
"75";"1895";"2017-10-10";"NV";"Reklamation afvist pga fugt.
Udskiftet label.
Afprøvet.";"Ordre 15163
"
"76";"1010";"2017-10-11";"NV";"Reklamation ok.
Relæ udskiftet.
Afprøvet.";
"77";"2027";"2017-10-11";"NV";"Reklamation afvist.
Afprøvet. Ingen fejl konstateret.
Opdateret til softwareversion 1.9.0";
"78";"353";"2017-10-11";"NV";"Reklamation godkendt.
Ny Power Box tilsendt.";
"79";"143";"2017-10-27";"KG";"Udskiftning af label, pga af fugtskader.
Udskiftning af potmeter.
Afprøvet.
";
"82";"1126";"2017-11-17";"KG";"Indsendt på reclamation.
Printbane til blinklys udgang brændt.
Ny boks sendt til kunden";
"83";"1953";"2017-11-29";"KG";"Udskiftning af 3 stk. DRV8816 power output.
Afprøvet.";
"84";"1958";"2017-11-29";"KG";"Udskiftning af 3 stk. DRV8816 power output.
Afprøvet.";
"85";"3184";"2017-12-19";"KG";"Tilpasset AGV-1120-R14.

”Full-range” for analog indgange ændret til: 5,148V  22K ændret til 5K6

Full-range for analoge udgange ændret til 5,500V
3K3 ændret til 15K

Buffer på DAC udgange (imellem CPU og analoge-switch) IC: MC33204

10uF til GND på POTSUP1 og POTSUP2

Dette er en test for at se om vi skal tilføje et ""snopper kredsløb""




";
"86";"2066";"2017-12-22";"KG";"Renoveret til ny med nyt serie nr.";
"87";"2510";"2018-01-02";"KG";"Rep af ladekredsløb.
Software opdateret(A knap)
Afprøvet.";
"88";"3278";"2018-01-11";"NV";"Kodet sammen med MWD-510 serienr 17-0052 med Danish Agro opsætning. Scania Sorø";
"89";"3113";"2018-01-11";"NV";"Kodet sammen med MWD-520 serienr.16-0004 med Danish Agro opsætning. Scania Sorø";
"90";"3168";"2018-01-17";"KG";"D10 fejlmonteret med 5v1 zenerdiode.
Diode udskiftet til LL4148.";
"91";"3169";"2018-01-17";"KG";"D10 fejlmonteret med 5v1 zenerdiode.
Diode udskiftet til LL4148.";
"92";"3171";"2018-01-17";"KG";"D10 fejlmonteret med 5v1 zenerdiode.
Diode udskiftet til LL4148.";
"93";"3172";"2018-01-17";"KG";"D10 fejlmonteret med 5v1 zenerdiode.
Diode udskiftet til LL4148.";
"94";"3173";"2018-01-17";"KG";"D10 fejlmonteret med 5v1 zenerdiode.
Diode udskiftet til LL4148.";
"95";"3174";"2018-01-17";"KG";"D10 fejlmonteret med 5v1 zenerdiode.
Diode udskiftet til LL4148.";
"96";"3175";"2018-01-17";"KG";"D10 fejlmonteret med 5v1 zenerdiode.
Diode udskiftet til LL4148.";
"97";"3177";"2018-01-17";"KG";"D10 fejlmonteret med 5v1 zenerdiode.
Diode udskiftet til LL4148.";
"98";"3184";"2018-01-18";"KG";"R85 + R131 + R139 + R159 + R160 + R161 + R162 + R163 + R164 fjernet.

R166 ændret til 1K. (= højere spænding til op-amp)

Sendes til test igen.";
"99";"1651";"2018-01-24";"KG";"Reklamation
Programeret og afprøvet";"Vi havde glemt at programere den."
"100";"1702";"2018-01-24";"KG";"Fjernbetjening var fuld af vand.
Udskiftning af label.
Udskiftning af potmeter.
Print renset.
Afprøvet.";
"101";"3184";"2018-01-29";"KG";"C43 + C44 fjernet.
R122 + R132 + R133 + R134 + R135 + R136 + R137 + R138 fjernet.
R123 + R124 + R125 + R126 + R127 + R128 + R129 + R130 + R165 fjernet.

Sendes til test igen.";
"102";"2434";"2018-01-30";"NV";"Display skiftet.
Reklamation afvist pga udefrakommende skade.
Fj.betj. kodet sammen med MWD-520 s.nr 12";
"103";"2434";"2018-01-30";"NV";"Display skiftet.
Reklamation afvist pga udefrakommende skade.
Fj.betj. kodet sammen med MWD-520 s.nr 12";
"105";"947";"2018-01-30";"NV";"Ingen fejl fundet ved afprøvning.
Reklamation afvist.
Software opdateret til nyeste version
Kodet sammen med MWD-510 s.nr 17-0033";
"106";"2508";"2018-01-30";"NV";"Display skiftet på reklamation.
Kodet til base adresse 13/Danish Agro.
Opdateret til nyeste version software.";
"107";"3103";"2018-02-02";"KG";"R85 + R131 + R139 + R159 + R160 + R161 + R162 + R163 + R164 er fjernet
C43 + C44 fjernet.
R122 + R132 + R133 + R134 + R135 + R136 + R137 + R138 fjernet. 
R123 + R124 + R125 + R126 + R127 + R128 + R129 + R130 + R165 fjernet.
R166 ændret til 1K.
10 uF monteret til GND på POTSUP1  og POTSUP2";
"108";"3104";"2018-02-02";"KG";"R85 + R131 + R139 + R159 + R160 + R161 + R162 + R163 + R164 er fjernet
C43 + C44 fjernet.
R122 + R132 + R133 + R134 + R135 + R136 + R137 + R138 fjernet. 
R123 + R124 + R125 + R126 + R127 + R128 + R129 + R130 + R165 fjernet.
R166 ændret til 1K.
10 uF monteret til GND på POTSUP1  og POTSUP2";
"109";"3102";"2018-02-02";"KG";"R85 + R131 + R139 + R159 + R160 + R161 + R162 + R163 + R164 er fjernet
C43 + C44 fjernet.
R122 + R132 + R133 + R134 + R135 + R136 + R137 + R138 fjernet. 
R123 + R124 + R125 + R126 + R127 + R128 + R129 + R130 + R165 fjernet.
R166 ændret til 1K.
10 uF monteret til GND på POTSUP1  og POTSUP2";
"110";"2438";"2018-02-05";"NV";"Rep af kortslutning i ladestik. Rep lydgiverkreds.
Afprøvet";
"111";"3488";"2018-02-20";"NV";"Rep af fjernbetjening.
Mrk 326
Reklamation afvist.Label beskadiget.";
"112";"3489";"2018-02-22";"NV";"Indsendt som reklamation.
Ingen fejl tilstede.
Afprøvet.
Reklamation afvist.";
"113";"2575";"2018-02-23";"NV";"Reklameret pga opstart med hvidt display.
Ok efter KT opdatering af softwareversion.";
"114";"2440";"2018-02-28";"NV";"Display udskiftet.
Testet.";"Antenne var desuden knækket af bagpladen"
"115";"1193";"2018-03-05";"KG";"Reklamation afvist, pga af fugt I label.
Udskiftning af label.
Udskiftning af potmeter.
Afprøvet.";
"116";"140";"2018-03-05";"KG";"Kabinet ødelagt.
Udskiftning af kabinet.
Udskiftning af label.
Udskiftning af potmeter.
Afprøvet.";
"117";"3551";"2018-03-05";"KG";"Defekte LED lamper på label pga af fugt I stik.

Udskiftning af label.
Udskiftning af potmeter.
Afprøvet.";
"118";"675";"2018-03-05";"KG";"Knap 4 altid aktiv, pga af fugt I label.

Udskiftning af label.
Udskiftning af potmeter.
Afprøvet.";
"119";"3552";"2018-03-05";"KG";"Fejl på knap 1,2 og 3, pga af fugt I label.
Ledning knækket I spiralkabel.

Udskiftning af label.
Udskiftning af potmeter.
Udskiftning af kabel.
Afprøvet.
";
"120";"1086";"2018-03-05";"KG";"Knapper defect, pga af fugt I label.

Udskiftning af label.
Udskiftning af potmeter.
Afprøvet.";
"121";"678";"2018-03-06";"KG";"Fejl på Led lamper, pga fugt I stik til label.

Udskiftning af label.
Udskiftning af potmeter.
Afprøvet.";
"122";"3550";"2018-03-08";"Niels K. Dahl";"Test service.";"Jeg tester fil upload."
"125";"3559";"2018-03-12";"NV";"Indgår i sæt med MWD-520 serienr 55";
"126";"1222";"2018-03-13";"KG";"Udgangs transistorer kortsluttet.
Afventer svar fra Ketner før rep.";
"127";"1218";"2018-03-13";"KG";"Udgangs transistorer kortsluttet.
Afventer svar fra Ketner før rep.";
"128";"3583";"2018-03-13";"KG";"Udgangs transistorer kortsluttet.
Afventer svar fra Ketner før rep.";
"129";"1223";"2018-03-13";"KG";"Udgangs transistorer kortsluttet.
Afventer svar fra Ketner før rep.";
"130";"1108";"2018-03-16";"NV";"Udskiftet display
Opdateret software til v.1.9
Testet funktion og rækkevidde";"Udefrakommende skade på display"
"131";"1218";"2018-03-22";"KG";"Udskiftning af strømforsyning.
Afprøvet";"Er indsendt på reclamation, som er afvist.
Rep aftalt med Henrik"
"132";"3630";"2018-03-23";;"N.C.Nielsen Admin code 97250401";
"133";"3631";"2018-03-23";;"N.C.Nielsen Admin code 97250401";
"134";"3632";"2018-03-23";;"N.C.Nielsen Admin code 97250401";
"135";"3636";"2018-03-27";;"Kodet sammen med MWD-520 s.nr 54";
"136";"3637";"2018-03-27";;"Kodet sammen med MWD-520 s.nr 38";
"137";"3638";"2018-03-27";;"Kodet sammen med MWD-520 s.nr 56";
"138";"3639";"2018-03-27";;"Kodet sammen med MWD-520 s.nr 57";
"139";"3640";"2018-03-27";;"Kodet sammen med MWD-520 s.nr 58";
"140";"1993";"2018-06-11";"KG";"Udskiftning af label.
Udskiftning af kabel.
Udskiftning af potmeter.
Print renset.
";
"141";"4017";"2018-06-11";"KG";"Udskiftning af potmeter.
Udskiftning af kabel.
Stik på print renset.";
"142";"4018";"2018-06-11";"KG";"Udskiftning af potmeter.
Udskiftning af kabel.";
"143";"4019";"2018-06-11";"KG";"Udskiftning af potmeter.
Udskiftning af label.
Udskiftning af kabinet.
Kabinet ombygget, stel fraisoleret kabinet.";
"144";"4034";"2018-06-11";"KG";"Udskiftning af potmeter.
Stik på print renset.
";
"145";"4035";"2018-06-11";"KG";"Udskiftning af potmeter.
Udskiftning af label.";
"146";"4036";"2018-06-12";"KG";"Udskiftning af potmeter.";
"147";"4037";"2018-06-12";"KG";"Udskiftning af potmeter.
Stik på print renset.";
"148";"4038";"2018-06-12";"KG";"Rep af brændt printbane til vacuum sensor.
";
"149";"4039";"2018-06-12";"KG";"Controller afprøvet, ingen fejl fundet.";
"150";"4040";"2018-06-12";"KG";"Rep af knækket ledning ved stik.";
"151";"4041";"2018-06-12";"KG";"Reklamation.
Delvis godkendt.
Fejl på spiralkabel, var ikke skiftet ved sidste rep.
Udskiftet uden beregning. ";
"152";"4042";"2018-06-12";"KG";"Reklamation.
Godkendt.
Stik til label sad løs.
Rep uden beregning
Udskiftning af potmeter.";
"153";"4043";"2018-06-12";"KG";"Reklamation.
Godkendt.
Stik sad løs til label.
Rep uden beregning.";
"154";"2499";"2018-06-12";"KG";"Reklamation.
Godkendt.
Stik sad løs til label.
Rep uden beregning";
"155";"2517";"2018-06-13";"KG";"Reklamation.
Godkendt.
Stik til label renset.";
"156";"2439";"2018-06-15";"KG";"Udskiftning af display";"Knust Glas"
"157";"2510";"2018-06-19";"KG";"Reklamation afvist, da display har fået en skade.
Udskiftning af display.";
"158";"4105";"2018-06-19";"KG";"Udskiftning af print.
Udskiftning af potmeter.
Udskiftning af label.";
"159";"553";"2018-06-19";"KG";"Udskiftning af label
Udskiftning af potmeter.";
"160";"1651";"2018-06-19";"KG";"Afprøvet, kan ikke finde nogen fejl.
Software opdateret til V3.3";
"161";"662";"2018-06-19";"KG";"Reklamation afvist pga. fugt i stik til label.
Udskiftning af label.
Udskiftning af potmeter.
Udskiftning af kabinet(bagside).";
"162";"4121";"2018-06-20";"KG";"Udskiftning af potmeter.
Print fraisoleret kabinet.
";
"163";"4122";"2018-06-20";"KG";"Udskiftning af label.";
"164";"4123";"2018-06-20";"KG";"Udskiftning af potmeter.
Udskiftning af kabinet(bagside)";
"165";"4124";"2018-06-20";"KG";"Udskiftning af potmeter.
Udskiftning af print.
Udskiftning af label.
Print fraisoleret kabinet.";
"166";"4125";"2018-06-20";"KG";"Udskiftning af label.
Udskiftning af potmeter.
Udskiftning af kabel.
Print fraisoleret kabinet.";
"167";"4126";"2018-06-20";"KG";"Udskiftning af potmeter.
Udskiftning af label.
Udskiftning af print.
Print fraisoleret kabinet.
";
"168";"4127";"2018-06-20";"KG";"Udskiftning af label.
Udskiftning af potmeter.";
"169";"948";"2018-06-21";"NV";"Produceret ny powerboks som erstatning for den originale. Opmærket med samme serienummer.";"Scania Sorø. Ordrenummer 15956. Mulig reklamation? Canbus problem"
"170";"2644";"2018-07-06";"NV";"Display udskiftet
Ladekreds repareret
Garantirep";"Zenerdiode kortsluttet"
"171";"948";"2018-07-12";"NV";"Produceret ny powerboks som erstatning for den originale. Programmeret og opmærket med samme serienummer.";"Powerboks udskiftet for 3 uger siden.Denne her er canbus modstanden fjernet i. Scania Sorø. Ordrenr 16030"
"172";"1108";"2018-07-31";"KG";"Udskiftning af ladeprint(garanti)
Software opdateret til V2.1.0
Afprøvet.";
"173";"2873";"2018-08-01";"KG";"T18 defekt pga. af kortslutning af udgang.
CPU defekt, kan ikke forklare hvorfor.
Nyt print monteret.(software V3.4)
";"Under vores test og fejlfinding af Scanreco genstart pga. støj, blev denne Winlet computer brændt af.
Det skete ved at udgangen til hydraulik ventil 6.1 eller 6.2 blev kort sluttet.
Winlet computeren er nu helt død, vi kan ikke komme i kontakt med den.

Efter Winlet computeren døde vil maskinen begynde at køre frem, ( ligner kørsel som hvis mave knappen bliver nedtrykket, da den stopper efter ca. 1,5 meter)
Dette sker selv om tiller switch virker, og håndtaget var oppe.

"
"174";"4321";"2018-08-10";"KG";"Rep af dårlig forbindelse på print.
Udskiftning af pot-meter.
Afprøvet.";
"175";"4322";"2018-08-13";"KG";"Afprøvet, ingen fejl fundet.";
"176";"879";"2018-08-13";"KG";"Print afprøvet, ingen fejl fundet.
Print monteret på plastdel til tillerhead (W-230)
Software opdateret.";
"177";"3143";"2018-08-13";"KG";"Reklamation godkendt.
Rep af kortslutning ved T6
Afprøvet.";
"178";"2438";"2018-08-13";"KG";"Reklamation.
Afprøvet, kan ikke finde nogen fejl.
Software opdateret.";"Kunden siger at den ikke vil slippe tip funktion."
"179";"2435";"2018-08-13";"KG";"Reklamation.
Afprøvet, kan ikke finde nogen fejl.
Software opdateret.
";"Kunden siger at den ikke vil slippe tip funktion 
"
"180";"1691";"2018-08-14";"KG";"Udskiftning af display.
Udskiftning af batteri.
Software opdateret.
Afprøvet.";
"181";"2433";"2018-08-14";"KG";"Udskiftning af display.
Software opdateret.
Afprøvet.
";
"182";"3272";"2018-09-03";"NV";"Ladeprint MWD-800-CHARGE udskiftet. Opladet / afprøvet.
Reklamation godkendt.";
"183";"4504";"2018-09-05";"NV";"Indgår i MWD-500 sæt med MWD-520 serienr 59";
"184";"4505";"2018-09-05";"NV";"Indgår i MWD-500 sæt med MWD-520 serienr 60";
"185";"4506";"2018-09-05";"NV";"Indgår i MWD-500 sæt med MWD-520 serienr 61";
"186";"4507";"2018-09-05";"NV";"Indgår i MWD-500 sæt med MWD-520 serienr 62";
"187";"4508";"2018-09-05";"NV";"Solgt som løsdel til Scania Herning";
"188";"2434";"2018-09-19";"KG";"Rep af ladekredsløb.";
"189";"1689";"2018-09-19";"NV";"Display udskiftet på grund af skade. Opdateret til softwareversion 2.1. Afprøvet.";
"190";"4564";"2018-09-19";"NV";"Display skiftet på grund af skade. Opdateret til softwareversion 2.1. Afprøvet.";
"191";"2413";"2018-09-24";"KG";"Ingen fejl fundet.
Software opdateret.";
"192";"3239";"2018-09-25";"NV";"Opdateret til softwareversion 2.2 der forbedrer batterilevetid.
Afprøvet.";"Defekt batteri udskiftet"
"193";"3240";"2018-09-25";"NV";"Opdateret til softwareversion 2.2 der forbedrer batterilevetid.
Afprøvet.";
"194";"1108";"2018-09-28";"NV";"Rep af ladekredsløb.
Opdateret til V.2.2.
Afprøvet.";
"195";"4611";"2018-10-05";"NV";"Del af sæt MWD-530 sammen med MWD-531 S.N. 18-2010";
"196";"1108";"2018-10-16";"KG";"Udskiftning af radio-modul.";
"197";"4025";"2018-10-26";"KG";"Stik til label sad løs.
Rep uden beregning.";
"198";"4193";"2018-10-26";"NV";"MMB-103 board udskiftet.
Reklamation godkendt.";
"199";"271";"2018-10-26";"KG";"Efterset
Software opdateret
Afprøvet";
"200";"4721";"2018-10-26";"KG";"Kan ikke kommunikere med fjernbetjening.
Udskiftning af print(ikke programeret)
Afprøvet";
"201";"4722";"2018-10-29";"KG";"Kan ikke kommunikere med fjernbetjening
Udskiftning af print(ikke programeret)
Afprøvet.
";
"202";"4723";"2018-10-29";"KG";"Kan ikke kommunikere med fjernbetjening
Udskiftning af print(ikke programeret)
Afprøvet.
";
"203";"1707";"2018-10-29";"KG";"Label defekt ved knap(3)
Label og potmeter udskiftet.
Afprøvet.";
"204";"4724";"2018-10-29";"KG";"Kabelfejl.
Udskiftning af kabel og potmeter.
Afprøvet.";
"205";"3159";"2018-10-29";"KG";"Kabelfejl, der var dårlig forbindelse ved molex-stikben.
Rep uden beregning.
Afprøvet.";
"206";"2974";"2018-10-29";"KG";"Label defekt pga. fugtskade, reklamation afvist.
Udskiftning af label.
Afprøvet.";
"207";"4725";"2018-10-29";"KG";"Print defekt, label i dårlig stand.
Udskiftning af print, label og potmeter.
Print fraisoleret stel.
Afprøvet.";
"208";"4726";"2018-10-30";"KG";"Kan ikke finde nogen fejl, men nogle dårlige lodninger.
Print efterset, komponenter og relæer udmålt.
Rep af dårlige lodninger.";
"209";"4727";"2018-10-30";"KG";"Power relæ defekt, og nogle dårlige lodninger.
Print efterset, komponenter og relæer udmålt.
Rep af dårlige lodninger.
Vedlagte kabel kontrolleret, ok.";
"210";"4596";"2018-10-31";"KG";"Reklamation.
Label defekt ved højre knap til vacum, en fysisk skade.
Label udskiftet.
Afprøvet.
";
"211";"2238";"2018-10-31";"KG";"Fejl på label, knap 3 og 4 virker ikke.
Label og potmeter udskiftet.
Afprøvet.
";
"212";"4107";"2018-10-31";"KG";"Henrik har opdateret software til V1.4, og det kræver en hardware opdatering af printet.
Det har vi lavet uden beregning.
";
"213";"3639";"2018-11-01";"NV";"Display udskiftet pga skade.
Opdateret til softwareversion 2,2";
"214";"3698";"2018-11-08";"KG";"Reklamation.

Afprøvet, kan ikke finde nogen fejl.";
"215";"3142";"2018-11-08";"KG";"Reklamation.

Udskiftning af transistor (9014)
Afprøvet.";
"216";"4692";"2018-11-08";"KG";"Reklamation. Kabelfejl.

Kabel knækket helt ude ved stik.
Kabel kortet 2cm.
Nye stikben monteret.
Afprøvet.

";
"217";"2099";"2018-11-16";"KG";"Afprøvet, ingen fejl fundet.
Software opdateret.";"Kunden siger den er defekt, vi kan ikke finde nogen fejl."
"218";"4109";"2018-12-03";"KG";"Software og hardware opdateret til V1.4.0";
"219";"4113";"2018-12-03";"KG";"Software og hardware opdateret til V1.4.0";
"220";"4108";"2018-12-03";"KG";"Software og hardware opdateret til V1.4.0";
"221";"4110";"2018-12-03";"KG";"Software og hardware opdateret til V1.4.0";
"222";"1924";"2018-12-03";"KG";"Label udskiftet pga. fugt skade.
Potmeter udskiftet.
Afprøvet.";
"223";"4937";"2018-12-03";"KG";"Print fraisoleret kabinet.
Udskiftning af label pga dårlige forbindelser ved led'er.
Udskiftning af potmeter.
Afprøvet.";
"224";"3212";"2018-12-04";"KG";"Reklamation afvist pga. af fugtskade på stik til label.
Udskiftning af label.
Udskiftning af stik på print.
Afprøvet.";
"225";"3210";"2018-12-04";"KG";"Reklamation godkendt.
Nye stikben monteret på stik til fjernbetjening
Afprøvet.";
"226";"5007";"2019-01-03";"KG";"Rep af dårlig forbindelse ved MMB printkort.
Udskiftning af potmeter.
Afprøvet.";
"227";"5008";"2019-01-03";"KG";"Rep af dårlig forbindelse ved MMB printkort.
Udskiftning af label.
Udskiftning af potmeter.
Afprøvet.";
"228";"1080";"2019-01-03";"KG";"Udskiftning af label.
Udskiftning af potmeter.
Afprøvet.";
"229";"926";"2019-01-03";"KG";"Udskiftning af label.
Udskiftning af potmeter.
Afprøvet.";
"230";"1240";"2019-01-03";"KG";"Udskiftning af potmeter.
Afprøvet.";
"231";"3552";"2019-01-04";"KG";"Udskiftning af label.
Udskiftning af potmeter.
Afprøvet.";
"232";"1236";"2019-01-04";"KG";"Udskiftning af stikben ved stik på spiralkabel.
Udskiftning af label.
Udskiftning af potmeter.
Afprøvet.";
"233";"3283";"2019-01-04";"KG";"Reklamation godkendt.
Udskiftning af stikben på stik til spiralkabel pga. knækket ledning.
Afprøvet.";
"234";"3986";"2019-01-04";"KG";"Reklamation afvist pga. vandskade.
Udskiftning af print.
Udskiftning af label.
Udskiftning af potmeter.
Afprøvet.";
"235";"5012";"2019-01-04";"KG";"Udskiftning af label.
Udskiftning af potmeter.
Udskiftning af spiralkabel.
Afprøvet.";
"236";"2792";"2019-01-04";"NV";"Display udskiftet pga skade.
Opdateret til softwareversion 2.3
Testet. funktion og rækkevidde";
"237";"5013";"2019-01-07";"KG";"Reklamation afvist.
Fejl på data indgang fra fjernbetjening, skyldes fejl på fjernbetjening.
Udskiftning af print.
Afprøvet.";
"238";"2510";"2019-01-10";"NV";"Display udskiftet pga skade.
Opdateret til softwareversion 2.3
Afprøvet";
"239";"3558";"2019-01-10";"KG";"Udskiftning af print til ladekredsløb.
Udskiftning af display.
Udskiftning af batteri.
Software opdateret til V2.2
Afprøvet.";
"240";"2513";"2019-01-14";"KG";"Reklamation
Udskiftning af ladekreds.
Udskiftning af display.
Software opdateret til V2.3";
"241";"2438";"2019-01-14";"KG";"Rep af knækket antenneledning i fjernbetjening.
Software opdateret til V2.3
Afprøvet.";
"242";"2984";"2019-01-14";"KG";"Reklamation.
Udskiftning af diode i strømforsyning.
Afprøvet.";
"243";"2677";"2019-01-14";"KG";"Afprøvet, ingen fejl fundet.";"Indsendt på reklamation.
"
"244";"5097";"2019-01-25";"NV";"Admin kode : 71479614";
"245";"5098";"2019-01-25";"NV";"Admin kode : 71479614";
"246";"5099";"2019-01-25";"NV";"Admin kode : 71479614";
"247";"674";"2019-01-29";"KG";"Udskiftning af label.(fugtskade i stik.)
Stik renset på print.
Udskiftning af potmeter.
Afprøvet.";
"248";"1899";"2019-01-30";"KG";"Udskiftning af label(fugtskade)
Udskiftning af stik til label på print(fugtskade)
Udskiftning af potmeter.
Afprøvet.";
"249";"5101";"2019-01-30";"KG";"Prototype fra GMV, som er opdateret til ny version.
";
"250";"5103";"2019-01-30";"KG";"Print fraisoleret kabinet.
Udskiftning af potmeter.
Afprøvet.";
"251";"5102";"2019-01-30";"KG";"Print fraisoleret kabinet.
Udskiftning af potmeter.
Afprøvet.";
"252";"5108";"2019-02-05";"NV";"Indgår i MWD-530 sæt med MWD-531 server nr 19-2015";
"253";"5109";"2019-02-05";"NV";"Indgår i MWD-530 sæt med MWD-531 server nr 19-2012";
"254";"5039";"2019-02-05";"NV";"Indgår i MWD-530 sæt med MWD-531 server nr 19-2014";
"255";"5111";"2019-02-05";"NV";"Indgår i MWD-530 sæt med MWD-531 server nr 19-2013";
"256";"5110";"2019-02-05";"NV";"Indgår i MWD-500 sæt med MWD-520 server nr 19-0066";
"257";"5038";"2019-02-05";"NV";"Indgår i MWD-500 sæt med MWD-520 server nr 19-0067";
"258";"4719";"2019-02-05";"NK/EK";"Enheden er SW opdateret til V1.3.0
Dette er sket med fjernupdate.
";
"259";"4720";"2019-02-05";"NK/EK";"Enheden er SW opdateret til V1.3.0
Dette er sket med fjern update.
";
"260";"2072";"2019-02-08";"NV";"Batteri udskiftet.
Testet.
Software opdateret til V.2.2";
"261";"2433";"2019-02-08";"KG";"Udskiftning af lade kredsløb.
Software opdateret til V2.3.
Afprøvet.";
"262";"4957";"2019-02-14";"KG";"Afprøvet, ingen fejl fundet.";"Kunden havde problemer med lyset, ny boks løste problemet.
Men vi kan ikke finde nogen fejl(software bug)"
"263";"137";"2019-03-04";"KG";"Udskiftning af potmeter(retning ""op"" defekt)
Udskiftning af label pga. fugt i stik.
Afprøvet.";
"264";"1194";"2019-03-04";"KG";"Udskiftning af potmeter.
Udskiftning af label(knap 3 og 4 defekt)
Afprøvet.";
"265";"2647";"2019-03-05";"NV";"Ny label med prod.dato 5/3 2019
Opdateret til v.2.3
Solgt som sæt med powerboks nr 13";
"266";"948";"2019-03-05";"NV";"Påsat ny label med prod.dato 5/3 2019
Opdateret til v.2.2
Solgt som sæt med mwd-510 nr 19-0046";
"267";"2328";"2019-03-06";"KG";"Udskiftning af label(knap 4 defekt)
Udskiftning af potmeter.
Afprøvet.";
"268";"5242";"2019-03-12";"NV";"Indgår i MWD-500 sæt med fj.betj. 19-0089";
"269";"5237";"2019-03-12";"NV";"Indgår i MWD-500 sæt med powerboks 19-0068";
"270";"5243";"2019-03-12";"NV";"Indgår i MWD-500 sæt med fj.betj. 19-0090";
"271";"5238";"2019-03-12";"NV";"Indgår i MWD-500 sæt med powerboks 19-0069";
"272";"5246";"2019-03-13";"KG";"Udskiftning af label(knap 1-4 defekt)
Udskiftning af potmeter.
Afprøvet.";
"273";"5036";"2019-03-29";"KG";"Udskiftning af Sikrings diode i ladekredsløb.
Afprøvet.";"Ser ud til at der har været overspænding ind på ladeindgang."
"274";"1691";"2019-03-29";"KG";"Udskiftning af display.
Afprøvet.";
"275";"5418";"2019-04-08";"NV";"Indgår i sæt med MWD-520 nr 71";
"276";"5417";"2019-04-08";"NV";"Indgår i sæt med MWD-520 nr 70";
"277";"5245";"2019-04-08";"NV";"Indgår i sæt med MWD-510 nr 92";
"278";"5244";"2019-04-08";"NV";"Indgår i sæt med MWD-510 nr 91";
"279";"2513";"2019-04-08";"KG";"Udskiftning af display.
Software opdateret.
Afprøvet.";
"280";"5433";"2019-04-15";"KG";"Udskiftning af print for med ladekredsløb.
Rep af stik på lader.
Udskiftning af batteri.
Afprøvet.";
"281";"5451";"2019-04-24";"KG";"Udskiftning af label (knap 4 defekt)
Udskiftning af potmeter.
Afprøvet";
"282";"5452";"2019-04-24";"KG";"Udskiftning af potmeter.
Stik til label smurt med fedt.
Afprøvet.";
"283";"5453";"2019-04-24";"KG";"Udskiftning af potmeter.
Stik til label smurt med fedt.
Har fået nyt serie nr, da der var et forkert nr på den.
Afprøvet.";
"284";"2725";"2019-04-24";"KG";"Udskiftning af label (Lampe for vacum defekt).
Udskiftning af potmeter.
Afprøvet.";
"285";"2916";"2019-04-24";"KG";"Udskiftning af potmeter.
Afprøvet.";
"286";"5454";"2019-04-25";"KG";"Udskiftning af label (knap 6 defekt)
Udskiftning af potmeter.
Afprøvet.";
"287";"5455";"2019-04-25";"KG";"Udskiftning af label (knap 6 defekt).
Udskiftning af potmeter.
Afprøvet.";
"288";"4035";"2019-04-25";"KG";"Udskiftning af print.
Udskiftning af potmeter.
Afprøvet.";
"289";"5461";"2019-04-25";"KG";"Udskiftning af label (alle knapper defekt)
Udskiftning af potmeter.
Afprøvet.";
"290";"3157";"2019-04-25";"KG";"Rep af knækket ledning ved 6 pol. stik i fjernbetjening.
Udskiftning af potmeter.
Afprøvet.";
"291";"1702";"2019-04-25";"KG";"Udskiftning af label (fugtskade).
Udskiftning af potmeter.
Afprøvet.
";
"292";"2050";"2019-04-25";"KG";"Udskiftning af label (fugtskade)
Udskiftning af potmeter.
Afprøvet.";
"293";"2644";"2019-04-26";"KG";"Udskiftning af display.
Software opdateret.";
"294";"2510";"2019-04-26";"KG";"Udskiftning af display (garanti)";
"295";"5034";"2019-05-01";"KG";"Udskiftning af print med ladekredsløb.( pga defekt lader)
Afprøvet.";
"296";"3314";"2019-05-01";"KG";"Udskiftning af print med ladekredsløb.( pga defekt lader)
Udskiftning af batteri(pga af defekt lader).
Afprøvet.";
"297";"5476";"2019-05-02";"KG";"Udskiftning af label (knap 3 defekt)
Udskiftning af potmeter.
Afprøvet.";
"298";"2346";"2019-05-02";"KG";"Udskiftning af label (alle lamper defekt)
Udskiftning af potmeter.
Udskiftning af stik på print til label.
Afprøvet.";
"299";"5477";"2019-05-02";"KG";"Udskiftning af label (alle lamper defekt pga fugt skade)
Udskiftning af potmeter.
Afprøvet.";
"300";"2088";"2019-05-08";"KG";"Afprøvet, ingen fejl fundet.
Software opdateret.";"Formentlig softwarefejl.
Knud har lavet ny software som vi håber løser problemet. "
"301";"3113";"2019-05-09";"KG";"Udskiftning af display.
Afprøvet.";
"302";"5235";"2019-05-20";"KG";"Kontrol af MWD-510. (Reklamation)
Fejl i display, software opdateret.
Sendestyrke afprøvet, ok.";
"303";"5546";"2019-05-24";"KG";"Udskiftning af label (knap 3 & 4 defekt)
Udskiftning af potmeter.
Afprøvet.";
"304";"3936";"2019-05-24";"KG";"Efterset(stik til potmeter var afmonteret).
Udskiftning af potmeter.
Afprøvet.";
"305";"3285";"2019-05-24";"KG";"Udskiftning af label(periodisk defekt på knap 4&5)
Udskiftning af potmeter.
Afprøvet.";
"306";"3321";"2019-05-24";"KG";"Udskiftning af label (fugtskade i stik)
Udskiftning af potmeter.
Afprøvet.
";
"307";"5563";"2019-06-04";"KG";"Udskiftning af label (fysisk skade)
Udskiftning af spiralkabel.
Udskiftning af potmeter.
kabinet-ændring for printmontering.
Afprøvet.";
"308";"5562";"2019-06-04";"KG";"Udskiftning af label(fugtskade)
Udskiftning af print.
Udskiftning af potmeter.
Kabinet-ændring for printmontering.
Afprøvet.";
"309";"1705";"2019-06-04";"KG";"Udskiftning af label(fugtskade)
Udskiftning af potmeter.
Udskiftning af stik til label på print.
Afprøvet.";
"310";"1502";"2019-06-04";"KG";"Udskiftning af label(knap 1-4 defekt)
Udskiftning af potmeter.
Afprøvet.";
"311";"2439";"2019-06-07";"KG";"Udskiftning af display.
Software opdateret.
Afprøvet.";
"312";"2438";"2019-06-07";"KG ";"Udskiftning af display";"Kunden sagde at den aktiverede PTO EG når han ville slukke den, vi kunne ikke se fejlen"
"313";"5584";"2019-06-07";"KG";"Udskiftning af print( brændte printbaner )
Afprøvet.";
"314";"5012";"2019-06-11";"KG";"Kontrol af fjernbetjening
Ingen fejl fundet.";
"315";"5595";"2019-06-11";"KG";"Udskiftning af label.
Udskiftning af potmeter.
Udskiftning af spiralkabel.
Print fraisoleret kabinet.
Afprøvet.";
"316";"3165";"2019-06-11";"KG";"Udskiftning af potmeter.
Udskiftning af stik på spiralkabel.
Afprøvet.";
"317";"2451";"2019-06-11";"KG";"Udskiftning af potmeter.
Stik til label renset.
Afprøvet.";
"318";"5037";"2019-06-28";"KG";"Udskiftning af display
Afprøvet.";
"319";"3639";"2019-06-28";"KG";"Udskiftning af display.
Afprøvet.";
"320";"590";"2019-06-28";"KG";"Udskiftning af display.
Afprøvet.";
"321";"1707";"2019-07-03";"KG";"Udskiftning af label (fugtskade, Knap 3, 4 og vacum defekt).
Afprøvet.";
"322";"5692";"2019-07-04";"KG";"Udskiftning af label (fugtskade).
Udskiftning af potmeter.
Udskiftning af spiralkabel.
Afprøvet.";
"323";"4507";"2019-08-02";;"Udskiftning af display.
Batteri udskiftet uden beregning.
Afprøvet.";
"324";"590";"2019-08-09";"KG";"Udskiftning af display.
Kontrol af vægt-visning, ok.
Afprøvet.";
"325";"5108";"2019-08-12";"KG";"Batteri udskiftet uden beregning";
"326";"3636";"2019-08-14";"KG";"Udskiftning af display.
Afprøvet.";
"327";"5108";"2019-08-16";"KG";"Software opdateret til 2.4.1";"Kunden har haft problemer med at 4 aksel, som ikke er på bilen viser 32T en gang i mellem.
Special software lavet til ham."
"328";"2438";"2019-08-26";"KG";"Udskiftning af batteri.
Test af rækkevide, ok.

";"Kunden klager over rækkevide, tror det var batteriets skyld."
"329";"4593";"2019-09-02";"NV";"Udskiftet stikben på spiralkabel pga knækket ledning.
Pot.meter udskiftet.
Afprøvet.";
"330";"2517";"2019-09-03";"NV";"Label beskadiget. Udskiftet.
Pot.meter udskiftet
Afprøvet.";
"331";"3985";"2019-09-03";"NV";"Label beskadiget. Udskiftet.
Pot.meter udskiftet.
Afprøvet.";
"332";"5886";"2019-09-03";"NV";"Label beskadiget. Udskiftet.
Pot.meter udskiftet.
Lydgiver udskiftet.
Afprøvet.";
"333";"4563";"2019-09-03";"NV";"Label beskadiget pga vand. Udskiftet.
Pot.meter udskiftet.
Afprøvet.";
"334";"5887";"2019-09-03";"NV";"Spiralkabel beskadiget. Udskiftet.
Label beskadiget. Udskiftet.
Pot.meter udskiftet.
Afprøvet.";
"335";"5763";"2019-09-06";"NV";"Ny enhed hvor displayet var hvidt.
Display udskiftet. Afprøvet.
Desuden afprøvet 10 stk MSS i samme serie.";
"336";"5911";"2019-09-13";"NV";"+ MWD-520 sn 79";
"337";"5912";"2019-09-13";"NV";"+ MWD-520 sn 80";
"338";"5913";"2019-09-13";"NV";"+ MWD-510 sn 100";
"339";"5914";"2019-09-13";"NV";"+ MWD-510 sn 101";
"340";"2432";"2019-09-13";"KG";"Udskiftning af ladestik på fjernbetjening.
Udskiftning af endedæksler.
Afprøvet.";
"341";"4597";"2019-09-18";"NV";"Label beskadiget pga fugt.
(Betjeningspanel har været åbnet for at ombytte endedæksler. Flere pakningsskiver manglede og panelet var samlet skævt)
Label udskiftet. Pot.meter udskiftet
Afprøvet.";
"342";"4315";"2019-09-18";"NV";"Label beskadiget pga fugt.
Label og pot.meter udskiftet.
Afprøvet.";
"343";"203";"2019-09-18";"NV";"Label beskadiget pga fugt.
Label og pot.meter udskiftet.
Afprøvet.";
"344";"2439";"2019-09-25";"NV";"Display udskiftet pga skade.
Afprøvet.";
"345";"5123";"2019-09-25";"NV";"Label udskiftet pga fugtskade
Afprøvet";
"346";"2048";"2019-09-25";"NV";"Label udskiftet pga fugtskade
Pot.meter udskiftet
Spiralkabel kortet op
(Betjeningspanel havde været skilt ad, og isolering på kabel beskadiget derved)
Afprøvet";
"347";"676";"2019-09-25";"NV";"Label udskiftet pga fugtskade
Pot.meter udskiftet
Afprøvet";
"348";"2221";"2019-09-26";"NV";"Label udskiftet pga fugtskade
Pot.meter udskiftet
Afprøvet";
"349";"5958";"2019-09-27";"NV";"Label udskiftet
Pot.meter udskiftet
Print isoleret fra 
Afprøvet";
"350";"5960";"2019-09-27";"KG";"Udskiftning af label(fugtskade)
Udskiftning af potmeter.
Udskiftning af stik og stikben på spiralkabel.
Afprøvet.";
"351";"5959";"2019-09-27";"NV";"Label udskiftet
Pot.meter udskiftet
Afprøvet";
"352";"4018";"2019-09-27";"KG";"Udskiftning af label(fysisk skade)
Udskiftning af potmeter.
Udskiftning af stik og stikben på spiralkabel.
Afprøvet.";
"353";"4037";"2019-09-30";"KG";"Udskiftning af spiral kabel.
Udskiftning af potmeter.
Afprøvet.";
"354";"4507";"2019-09-30";"NV";"Ladeprint udskiftet pga kortsluttet zenerdiode
Opdateret til softwareversion 2.2
(Længere batterilevetid)
Afprøvet.
Rep U/B";
"355";"6017";"2019-10-11";"NV";"MWD-520 SN 19-0081";
"356";"5967";"2019-10-11";"NV";"MWD-510 SN 19-0103";
"357";"6018";"2019-10-11";"NV";"MWD-520 SN 19-0082";
"358";"5968";"2019-10-11";"NV";"MWD-510 SN 19-0104";
"359";"5417";"2019-10-11";"NV";"Skærm udskiftet pga skade
Afprøvet";"Scania har kodet den sammen med MWD-520 SN 34"
"360";"5828";"2019-10-21";"NV";"Software opdateret til version 1.7.6
Reset til default settings
Afprøvet";
"361";"2433";"2019-10-23";"KG";"Udskiftning af lade kredsløb.
Udskiftning af ""A"" knap.
Udskiftning af antennekabel.
Afprøvet.
";"Kunden siger at skærmen bliver sort og at han ikke kan stop tip funktion.
Vi kan ikke finde fejlen, men lade kredsløb var defekt."
"362";"2434";"2019-10-23";"NV";"Display, ladekreds og batteri udskiftet.
Afprøvet
";"Ebbe Stig
Base adresse 35"
"363";"4506";"2019-10-29";"KG";"Udskiftning af display.
Software opdateret.
Indgår i sæt med MWD-520 nr 41.
Afprøvet.";
"364";"2508";"2019-11-01";"KG";"Udskiftning af display.
Udskiftning af batteri.
Udskiftning af ladekreds.
Afprøvet.";
"365";"6182";"2019-11-04";"Jens";"Sort stik udskiftet";"Sort stik udskiftet"
"366";"1687";"2019-11-11";"NV";"Display udskiftet
Software opdateret til version 2.2
Afprøvet";
"367";"3636";"2019-11-11";"NV";"Display udskiftet pga skade
Software opdateret til version 2.2
Afprøvet";
"368";"3558";"2019-11-11";"KG";"Udskiftning af display.
Udskiftning af kabinet.
Afprøvet.";"Kabinet og skruer udskiftet da den skulle blive som ny i sæt sammen med boks nr 82"
"369";"3639";"2019-11-11";"KG";"Udskiftning af ladekredsløb.
Afprøvet.";
"370";"5418";"2019-11-15";"KG";"Udskiftning af display (Reklamation)
Afprøvet.";"Defekt tastatur"
"371";"139";"2019-11-18";"KG";"Udskiftning af potmeter.
Udskiftning af label (fugtskade)
Afprøvet.";
"372";"4184";"2019-11-19";"KG";"Udskiftning af label(Kortslutning mellem flere knapper).
Udskiftning af potmeter.
Afprøvet.
";
"373";"3844";"2019-11-19";"KG";"Udskiftning af spiralkabel.
Udskiftning af potmeter.
Udskiftning af label(meget slidt på overfladen)
Afprøvet.";
"374";"4969";"2019-11-19";"KG";"Udskiftning af label(fysisk skade).
Afprøvet.";
"375";"6247";"2019-11-19";"KG";"Udskiftning af label(fugtskade i stik)
Udskiftning af potmeter.
Afprøvet.";
"376";"1086";"2019-11-19";"KG";"Udskiftning af label(fugtskade i stik)
Udskiftning af potmeter.
Afprøvet.";
"377";"6253";"2019-11-19";"KG";"Udskiftning af potmeter.
Udskiftning af label(fugtskade i stik)
Rep af knækket printbane på print.
Afprøvet.";
"378";"2792";"2019-11-25";"KG";"Udskiftning af batteri.
Udskiftning af stik på lader.
Udskiftning af ladekreds.
Afprøvet.";
"379";"2434";"2019-11-27";"KG";"Udskiftning af ladekreds (reklamation).
Afprøvet.";
"380";"2508";"2019-12-10";"KG";"Udskiftning af display.
Afprøvet.";
"381";"2238";"2019-12-12";"NV";"Fejl på label pga fugtskade
Label og potmeter udskiftet.
Afprøvet.";
"382";"903";"2019-12-12";"NV";"Fejl på label pga fugtskade
Label og potmeter udskiftet.
Afprøvet. ";
"383";"3551";"2019-12-12";"NV";"Stik på print beskadiget i forbindelse med at fj.betj. har været skilt ad for at ombytte endedæklsler.
Stik på spiralkabel udskiftet.
Pot.meter udskiftet
Afprøvet";
"384";"5461";"2019-12-12";"NV";"Udskiftning af label pga fugtskade
Udskiftning af potmeter.
Afprøvet.";
"385";"2440";"2019-12-19";"NV";"Display udskiftet
Batteri udskiftet
Software opdateret til v.2.2
Testet";
"386";"2792";"2019-12-19";"NV";"Display udskiftet
Antenneledning udskiftet
Afprøvet";
"387";"5114";"2019-12-20";"EK";"OUT 11 og 12 er ikke muligt at aktivere.";
"388";"2510";"2020-01-06";"KG";"Udskiftning af batteri.
Udskiftning af ""A"" Knap.
Udskiftning af display (Reklamation).
Software ændret til kun at vise 3 aksler i display.
Afprøvet.";
"389";"590";"2020-01-07";"KG";"Udskiftning af alle 3 printkort pga. vandskade.
Udskiftning af display.
Udskiftning af batteri.
Software V2.2 ilagt.
Afprøvet.";"Har været tabt i vand"
"390";"2725";"2020-01-09";"KG";"Udskiftning af label(fugtskade)
Udskiftning af potmeter.
Print renset for ir.
Afprøvet.";
"391";"2974";"2020-01-09";"KG";"Udskiftning af print.(fugtskade)
Udskiftning af stikben på spiral kabel.
Udskiftning af potmeter.
Afprøvet.";
"392";"5452";"2020-01-09";"KG";"Udskiftning af label(fysisk skade).
Udskiftning af print.
Udskiftning af potmeter.
Print monteret på gummiben.
Afprøvet.";
"393";"5454";"2020-01-09";"KG";"Udskiftning af spiralkabel.
Afprøvet.
";
"394";"5960";"2020-01-09";"KG";"Kan ikke finde nogen fejl.";
"395";"5012";"2020-01-09";"KG";"Udskiftning af label(flere dioder defekt)
Udskiftning af print.
Udskiftning af spiralkabel.
Udskiftning af potmeter.
Afprøvet.";
"396";"6428";"2020-01-09";"KG";"Udskiftning af kabinet.
Print monteret på gummiben.
Udskiftning af label.
Udskiftning af potmeter.
Afprøvet.
";
"397";"2439";"2020-01-13";"KG";"Udskiftning af display.
Print renset.
Afprøvet.
";
"398";"2792";"2020-01-16";"KG";"Udskiftning af display.
Afprøvet.";
"399";"5037";"2020-01-20";"KG ";"Udskiftning af display.
Afprøvet.";
"400";"6459";"2020-01-21";"NV";"Fiktivt serienummer for at starte MPM";
"401";"3636";"2020-01-22";"KG";"Udskiftning af display(glas knust)
Afprøvet.";
"402";"6537";"2020-01-28";"nv";"Fiktivt nummer for at starte nyt varenr";
"403";"5939";"2020-02-03";"NV";"Opdateret til softwareversion 2.3.0";
"404";"2438";"2020-02-04";"KG";"Reklamation
Udskiftning af batteri.
Udskiftning af display.
Afprøvet.";"Touch defekt."
"405";"6313";"2020-02-10";"NV";"Tilføjet hardwareændringer
Software opdateret til V.2.59
Afprøvet";
"406";"3426";"2020-02-17";"KG";"Print renset.
Udskiftning af potmeter.
Afprøvet.";"Ingen fejl fundet."
"407";"4598";"2020-02-17";"KG";"Udskiftning af label(Alle taster døde)
Udskiftning af potmeter.
Afprøvet.";
"408";"5543";"2020-02-17";"KG";"Udskiftning af label(Fugtskade i stik, se billede)
Afprøvet.";
"409";"3241";"2020-02-19";"NV";"Ladeprint og batteri udskiftet
Afprøvet";
"410";"5122";"2020-02-20";"NV";"Label udskiftet pga fugtskade
Pot.meter udskiftet
Afprøvet";
"411";"5544";"2020-02-21";"NV";"Label udskiftet pga fugtskade
Pot.meter udskiftet
Afprøvet";
"412";"7609";"2020-02-21";"NV";"Label udskiftet pga fugtskade
Pot.meter udskiftet
Afprøvet";
"413";"7610";"2020-02-21";"NV";"Label udskiftet pga fugtskade
Pot.meter udskiftet
Afprøvet";
"414";"1702";"2020-02-21";"NV";"Label udskiftet pga fugtskade
Pot.meter udskiftet
Afprøvet";
"415";"4800";"2020-02-21";"NV";"Label udskiftet pga fugtskade
Pot.meter udskiftet
Lydgiver udskiftet
Afprøvet";
"416";"7611";"2020-02-21";"NV";"Pot.meter udskiftet
Afprøvet";
"417";"7621";"2020-02-24";"KG";"Udskiftning af automat-sikring.
Afprøvet.";
"418";"5476";"2020-02-25";"NV";"Label udskiftet pga fugtskade
Pot.meter udskiftet
Afprøvet";
"419";"7622";"2020-02-25";"NV";"Label udskiftet pga fugtskade
Pot.meter udskiftet
Printplade fraisoleret
Afprøvet";
"420";"6018";"2020-02-25";"KG";"Udskiftning af display.
Afprøvet.";
"421";"1108";"2020-02-25";"KG";"Udskiftning af batteri.
Test af rækkevide, ok.";
"422";"1109";"2020-03-06";"KG";"Udskiftning af display.
Udskiftning af batteri.
Udskiftning af endestykker i kabinet.
Software opdateret til V2.2
Afprøvet.";
"423";"6043";"2020-03-09";"KG";"Reklamation
Periodisk kortslutning mellem 2 ben på IC";
"424";"3214";"2020-03-09";"KG";"Udskiftning af label(fugtskade i stik)
Udskiftning af potmeter.
Udskiftning af 6pol stik på print.
Udskiftning af kabelsko på spiralkabel.
Afprøvet.";
"425";"1285";"2020-03-09";"KG";"Udskiftning af label(fugtskade i stik)
Udskiftning af potmeter.
Udskiftning af print.
Afprøvet.";
"426";"7683";"2020-03-09";"KG";"Udskiftning af spiralkabel.
Udskiftning af potmeter.
Afprøvet.";
"427";"6407";"2020-03-11";"NV";"Display udskiftet pga periodisk hvidt display.
Afprøvet.";
"428";"4592";"2020-03-13";"KG";"Udskiftning af spiralkabel(fysisk skade)
Udskiftning af potmeter.
Afprøvet.";
"429";"7746";"2020-03-13";"KG";"Reklamation afvist.
Udskiftning af 2 stk transistorer på udgang til Curtis.
Afprøvet.";
"430";"3639";"2020-03-13";"NV";"Display udskiftet pga skade
Afprøvet";
"431";"7749";"2020-03-16";"KG";"Udskiftning af label(fugtskade i stik)
Udskiftning af potmeter.
Print fraisoleret kabinet.
Afprøvet.";
"432";"5914";"2020-03-17";"KG";"Opdateret til V2.2.1";
"433";"4506";"2020-03-17";"KG";"Efterset og afprøvet.
Software opdateret til V2.4.4";
"434";"7762";"2020-03-18";"KG";"Udskiftning af display.
Udskiftning af 3D beslag for endedæksler.
Afprøvet.";
"435";"6018";"2020-03-18";"KG";"Udskiftning af display (igen, Fejl i knapper) 
Afprøvet.
";
"436";"2508";"2020-03-30";"KG";"Udskiftning af display.
Afprøvet.";
"437";"6296";"2020-04-01";"KG";"Kodet sammen med MWD-520 nr 20-00085";
"438";"1684";"2020-04-07";"KG";"Udskiftning af display.";
"439";"2792";"2020-04-08";"KG";"Udskiftning af display.
Afprøvet.";
"440";"2513";"2020-04-15";"KG";"Udskiftning af batteri(Reklamation)
Udskiftning af ladekreds(reklamation)
Ny lader leveret med.";
"441";"2508";"2020-04-22";"KG";"Udskiftning af ladekreds(garanti)
Afprøvet.";
"442";"5879";"2020-04-29";"KG";"Udskiftning af diode i strømforsyning.(Reklamation)
Afprøvet.";
"443";"5236";"2020-04-29";"KG";"Udskiftning af display (garanti)
Afprøvet.";
"444";"2792";"2020-05-13";"KG";"Udskiftning af display.
Afprøvet.";
"445";"2510";"2020-05-15";"NV";"Display udskiftet pga skade
Afprøvet";
"446";"1687";"2020-05-19";"KG";"Udskiftning af display.
Afprøvet.";"Display revnet."
"447";"2644";"2020-05-19";"KG";"Udskiftning af ladekredsløb.
Udskiftning af ""A"" knap.
Nye skruer monteret.
Afprøvet.";
"448";"8091";"2020-05-19";"NV";"Gl fj.betj oprettet i database.
Label og print udskiftet pga fugtskade.
Potentiometer udskiftet.
Afprøvet.";
"449";"1286";"2020-05-20";"KG";"Udskiftning af stik på kabel.
Udskiftning af label (tast 3 og 4 defekt)
Udskiftning af potmeter.
Afprøvet.";
"450";"8102";"2020-05-20";"KG";"Udskiftning af stik på print til label.
Udskiftning af label(fugtskade i stik).
Udskiftning af potmeter.
Afprøvet.";
"451";"2668";"2020-05-20";"KG";"Reklamation afvist pga. fugtskade på stik til label
Udskiftning af label
Udskiftning af potmeter.
Afprøvet.";
"452";"3162";"2020-05-25";"KG";"Udskiftning af label(fugtskade i stik)
Udskiftning af potmeter.
Afprøvet.";
"453";"2792";"2020-05-27";"KG";"Udskiftning af display.
Afprøvet.";
"454";"5911";"2020-06-11";"KG";"Udskiftning af display
Afprøvet.";
"455";"5912";"2020-06-11";"KG";"Udskiftning af batteri.
Hele sættet afprøvet.";
"456";"4507";"2020-06-22";"KG";"Udskiftning af ladestik.
Ny lader leveret med.";
"457";"7822";"2020-06-25";"NV";"Reklamation
Ladekredsløb udskiftet
Afprøvet";"MMB-104 også udskiftet"
"458";"2072";"2020-07-02";"NV";"Ladekredsløb udskiftet
Afprøvet";
"459";"2434";"2020-07-21";"KG";"Udskiftning af display.
Afprøvet.";
"460";"6019";"2020-07-24";"KG";"Udskiftning af display(reklamation)
Afprøvet.";
"461";"3113";"2020-07-24";"KG";"Rep til omb. sæt
Udskiftning af kabinet, bagplade, ""A"" knap, ladestik og batteri.
Afprøvet.";
"462";"6294";"2020-07-29";"KG";"Efterset og afprøvet, ingen fejl fundet.";"Kunden siger at den vil fortsætte med at tippe efter han har sluppet knappen"
"463";"5513";"2020-07-29";"KG";"Udskiftning af relæ til ""U5"" udgang(Reklamation)";"Periodisk fejl på U5 udgang"
"464";"2438";"2020-07-29";"KG";"Udskiftning af display
Afprøvet.";
"465";"8510";"2020-07-30";"KG";"Print fraisoleret kabinet.
Udskiftning af spiralkabel.
Udskiftning af potmeter.
Afprøvet.";
"466";"3318";"2020-07-30";"KG";"Udskiftning af stikben i spiralkabel.
Udskiftning label.
Udskiftning af potmeter.
Udskiftning af stik til label på print.
Afprøvet.";
"467";"2647";"2020-08-07";"NV";"Display udskiftet pga skade
Batteri udskiftet
Afprøvet";
"468";"3639";"2020-08-20";"KG";"Udskiftning af display.
Udskiftning af batteri.
Afprøvet.";
"469";"9155";"2020-08-21";"KG";"Udskiftning af stik og stikben på spiralkabel.
Udskiftning af potmeter.
Afprøvet.";
"470";"9166";"2020-08-21";"KG";"Udskiftning af spiralkabel.
Udskiftning af potmeter.
Afprøvet.
";
"471";"9167";"2020-08-21";"KG";"Udskiftning af label(dårlig forbindelse i stik).
Udskiftning af potmeter.
Afprøvet.";
"472";"9168";"2020-08-21";"KG";"Udskiftning af label(dårlig forbindelse i stik)
Udskiftning af potmeter.
Afprøvet.";
"473";"5455";"2020-08-24";"KG";"Udskiftning af potmeter.
Afprøvet.";"Kunden siger at led 5 og 6 lyser samtidig.
Kan ikke se fejlen."
"474";"4035";"2020-08-24";"KG";"Udskiftning af spiralkabel.
Udskiftning af potmeter.
Afprøvet.";
"475";"2916";"2020-08-24";"KG";"Udskiftning af label(knap 4 virker ikke)
Udskiftning af potmeter.
Afprøvet.";
"476";"3552";"2020-08-24";"KG";"Udskiftning af label(fugtskade)
Udskiftning af potmeter.
Afprøvet.";
"477";"4599";"2020-08-24";"KG";"Udskiftning af label.
Udskiftning af potmeter.
Afprøvet.";
"478";"4017";"2020-08-24";"KG";"Udskiftning af label(knap 6 defekt)
Udskiftning af potmeter.
Afprøvet.";
"479";"4030";"2020-08-25";"KG";"Udskiftning af label(alle knapper døde)
Udskiftning af potmeter.
Afprøvet.";
"480";"2940";"2020-08-25";"KG";"Udskiftning af label(fugtskade i stik)
Udskiftning af potmeter.
Afprøvet.";
"481";"926";"2020-08-25";"KG";"Totalskadet, er skrottet.";
"482";"2792";"2020-08-25";"NV";"Display og A-knap udskiftet
Afprøvet";
"483";"7822";"2020-08-26";"NV";"Overspændingsdiode udskiftet
Afprøvet";"Diode var defekt efter Scania havde tilsluttet 12 volt i ladestikket"
"484";"9385";"2020-09-04";"KG";"Udskiftning af label.
Udskiftning af potmeter.
Udskiftning af spiralkabel.
Afprøvet.";
"485";"9436";"2020-09-04";"KG";"Udskiftning af potmeter.
Rep af dårlig forbindelse ved stik på print.
Afprøvet.";
"486";"6156";"2020-09-04";"KG";"Udskiftning af label(Fugtskade i label, ikke garanti)
Udskiftning af potmeter.
Afprøvet.";
"487";"4799";"2020-09-04";"KG";"Udskiftning af label(fugtskade i label)
Udskiftning af potmeter.
Afprøvet.";
"488";"1193";"2020-09-07";"KG";"Udskiftning af label.(knap 3 og 4)
Udskiftning af potmeter.
Afprøvet.";
"489";"5991";"2020-09-08";"KG";"Udskiftning af spiralkabel(garanti)
Afprøvet.";
"490";"9901";"2020-09-17";"KG";"Udskiftning af label(alle knapper defekt)
Udskiftning af potmeter.
Afprøvet.";
"491";"2440";"2020-09-30";"NV";"Display udskiftet
Testet";
"492";"5692";"2020-10-05";"KG";"Udskiftning af label (fugtskade).
Udskiftning af potmeter.
Afprøvet.";
"493";"10124";"2020-10-05";"KG";"Udskiftning af print.
Udskiftning af potmeter.
Print fraisoleret kabinet.
Afprøvet.";
"494";"5477";"2020-10-05";"KG";"Fjernbetjening leveret til os adskilt.
Print renset for ir.
Samlet og afprøvet.";
"495";"4899";"2020-10-05";"KG";"Controller testet, ok";
"496";"2440";"2020-10-08";"NV";"MMB-104 board skiftet U/B
Afprøvet";
"497";"1108";"2020-10-13";"NV";"Display udskiftet U/B
Pixel/farvefejl
Afprøvet";
"498";"3639";"2020-10-28";"NV";"Display udskiftet
Afprøvet";
"499";"4879";"2020-11-06";"KG";"Stik til display var ikke låst.
Rep U/B";
"500";"2644";"2020-11-13";"KG";"Udskiftning af batteri.
Print renset.
Afprøvet sammen med MWD-520 Nr 80.

";
"501";"2508";"2020-11-30";"NV";"Ladekreds udskiftet
Afprøvet";
"502";"5464";"2020-11-30";"NV";"Display udskiftet
Afprøvet";
"503";"14038";"2020-12-14";"KG";"Udskiftning af potmeter.
Udskiftning af label.
Afprøvet.";
"504";"1087";"2020-12-14";"KG";"Udskiftning af potmeter.
Udskiftning af label(fugtskade i stik)
Afprøvet.";
"505";"2792";"2021-01-07";"KG";"Udskiftning af display.
Udskiftning af batteri.
Afprøvet";
"506";"2508";"2021-01-20";"NV";"Display udskiftet
Afprøvet";
"507";"9326";"2021-01-21";"NV";"Display udskiftet på reklamation
Afprøvet";
"508";"9181";"2021-02-05";"KG";"Efterset, ingen fejl fundet.";"Kunden siger at alt lys er væk."
"509";"4507";"2021-02-10";"NV";"Ladestik udskiftet i MWD og lader.";
"510";"2440";"2021-02-17";"NV";"Display udskiftet.
Afprøvet.";
"511";"5912";"2021-02-17";"NV";"Display udskiftet
Afprøvet";
"512";"3639";"2021-02-23";"NV";"Crystal monteret på print
Display udskiftet
Afprøvet";
"513";"3559";"2021-02-24";"NV";"Ladeprint udskiftet
Batteri udskiftet
Afprøvet";
"514";"5562";"2021-02-24";"KG";"Udskiftning af label(fugtskade)
Udskiftning af potmeter.
Afprøvet.";
"515";"1689";"2021-02-24";"NV";"Ladeprint udskiftet
A-knap udskiftet
Batteri udskiftet
Afprøvet";
"516";"2644";"2021-03-02";"NV";"Display udskiftet
Afprøvet";
"517";"17944";"2021-03-04";"KG";"Udskiftning af label.
Udskiftning af print.
Udskiftning af potmeter.
Kabinet ændret, så print er fraisoleret.
Afprøvet.";
"518";"5464";"2021-03-08";"KG";"Udskiftning af display.
Afprøvet.";
"519";"2807";"2021-03-09";"NV";"Ladeprint udskiftet
Ny lader
Batteri udskiftet
Opdateret til V.2.2
Afprøvet";
"520";"946";"2021-03-19";"KG";"Udskiftning af ""A"" knap.
Software opdateret.
Afprøvet.";
"521";"5236";"2021-03-23";"KG";"Udskiftning af display.
Afprøvet.";
"522";"4819";"2021-04-06";"KG";"Udskiftning af potmeter.
Udskiftning af label(fysisk skade)
Udskiftning af stikben på spiralkabel.
Afprøvet.";
"523";"19672";"2021-04-06";"KG";"Udskiftning af label.
Udskiftning af potmeter.
Udskiftning af print.
Print fraisoleret kabinet.
Afprøvet.";
"524";"5412";"2021-04-06";"KG";"Efterset, ingen fejl fundet.
Potmeter udskiftet.
Afprøvet.";
"525";"5121";"2021-04-06";"KG";"Udskiftning af label.
Udskiftning af potmeter.
Afprøvet.";
"526";"5030";"2021-04-07";"KG";"Udskiftning af label(fugtskade).
Udskiftning af potmeter.
Afprøvet.";
"527";"12762";"2021-04-07";"KG";"Efterset og afprøvet, ingen fejl fundet.
Potmeter ikke skiftet, da den er under 6 mdr. gammel. ";
"528";"11462";"2021-04-07";"KG";"Adskilt, efterset og afprøvet, ingen fejl fundet.";
"529";"20894";"2021-04-28";"KG";"Udskiftning af potmeter.
Rep af dårlig forbindelse på print.
Afprøvet.";
"530";"5261";"2021-04-28";"KG";"Udskiftning af label(fugtskade).
Udskiftning af potmeter.
Afprøvet.";
"531";"20918";"2021-04-28";"KG";"Udskiftning af label.
Udskiftning af potmeter.
Udskiftning af spiralkabel.
Afprøvet.";
"532";"21515";"2021-05-10";"KG";"Print renset.
Udskiftning af potmeter(leveret af GMV)
Afprøvet.";
"533";"4018";"2021-05-10";"KG";"Udskiftning af label(fysisk skade)
Udskiftning af potmeter.(leveret af GMV)
Afprøvet.";
"534";"6428";"2021-05-10";"KG";"Udskiftning af spiralkabel.
Udskiftning af potmeter(Leveret af GMV)
Afprøvet.";
"535";"21516";"2021-05-10";"KG";"Udskiftning af label.
Udskiftning af print.
Udskiftning af potmeter(leveret af GMV)
Afprøvet.";
"536";"21543";"2021-05-11";"KG";"Udskiftning af label.
Udskiftning af potmeter(leveret af GMV)
Udskiftning af print.
Print fraisoleret kabinet.
Afprøvet.";
"537";"4601";"2021-05-11";"KG";"Udskiftning af label(knap ""6"" defekt)
Udskiftning af potmeter.
Afprøvet.";
"538";"4507";"2021-05-11";"KG";"Udskiftning af display.
Afprøvet.";
"539";"5911";"2021-05-12";"KG";"Udskiftning af display.
Udskiftning af batteri.
Afprøvet.";
"540";"2434";"2021-05-18";"KG";"Udskiftning af display.
Afprøvet.";
"541";"6294";"2021-06-01";"KG";"Udskiftning af display.
Udskiftning af batteri.
Afprøvet.";
"542";"22861";"2021-06-03";"KG";"Udskiftning af Potmeter.
Udskiftning af print.
Udskiftning af label.
Afprøvet.";
"543";"17944";"2021-06-03";"KG";"Efterset, ingen fejl fundet.";"Kunden siger at den dør lige pludselig.
Vi kan ikke se fejlen"
"544";"903";"2021-06-14";"KG";"Udskiftning af label(fugtskade)
Udskiftning af potmeter(leveret af GMV)
Afprøvet.";
"545";"1108";"2021-06-30";"KG";"Udskiftning af antennekabel i fjernbetjening.
Afprøvet.";
"546";"2725";"2021-07-01";"KG";"Udskiftning af label(fugtskade)
Print renset for ir.
Udskiftning af potmeter(leveret af GMV)
Afprøvet.";
"547";"2974";"2021-07-01";"KG";"Udskiftning af label(fugtskade)
Udskiftning af potmeter(leveret af GMV)
Afprøvet.";
"548";"24805";"2021-07-01";"KG";"Meget vand i betjening.
Udskiftning af label(fugtskade)
Udskiftning af print.
Udskiftning af potmeter(leveret af GMV)
Afprøvet.";
"549";"5911";"2021-07-28";"KG";"Udskiftning af display.
Afprøvet.";
"550";"2439";"2021-08-11";"NV";"Display udskiftet
Ladestik udskiftet
Batteri udskiftet
Afprøvet";
"551";"5925";"2021-09-17";"KG";"Udskiftning af potmeter(Leveret af GMV)
Udskiftning af spiralkabel.
Afprøvet.";
"552";"4025";"2021-10-07";"KG";"Udskiftning af label(leveret af GMV)
Udskiftning af potmeter(leveret af GMV)
Afprøvet.";
"553";"20644";"2021-10-07";"KG";"Udskiftning af spiralkabel( Kabel har været klemt )
Afprøvet.";
"554";"4037";"2021-10-07";"KG";"Udskiftning af label(dårlig forbindelse ved stik)
Udskiftning af potmeter(leveret af GMV)
Afprøvet.";
"555";"29335";"2021-10-07";"KG";"Reklamation afvist.
Udskiftning af label(vandskade, meget vand i betjening)
Udskiftning af potmeter.
Kabinet og print tørret.
Afprøvet.";
"556";"29357";"2021-10-07";"KG";"Udskiftning af potmeter(leveret af GMV)
Print monteret i kabinet.
Afprøvet.";
"557";"15172";"2021-10-08";"KG";"Reklamation.
Rep af dårlig lodning ved modstand til aktiv signal fra potmeter.
Afprøvet.";
"558";"3985";"2021-10-13";"KG";"Udskiftning af label(leveret af GMV)
Udskiftning af potmeter(leveret af GMV)
Afprøvet.";
"559";"2438";"2021-10-15";;"Udskiftning af display.
Print renset.
Rep af indvendig kabinet.
Afprøvet.";
"560";"21721";"2021-10-20";"NV";"Display udskiftet på reklamation
Afprøvet";
"561";"21516";"2021-11-08";"KG";"Udskiftning af label(fugtskade)
Udskiftning af potmeter(leveret af GMV)
Afprøvet.";
"562";"24805";"2021-11-12";"KG";"Efterset, kan ikke finde nogen fejl.";
"563";"8183";"2021-11-12";"KG";"Udskiftning af spiralkabel.
Udskiftning af potmeter(leveret af GMV)
Afprøvet.";
"564";"205";"2021-11-15";"KG";"Udskiftning af label(leveret af GMV)
Udskiftning af potmeter(leveret af GMV)
Afprøvet.";
"565";"31365";"2021-11-15";"KG";"Udskiftning af potmeter(leveret af GMV)
Udskiftning af label.
Afprøvet.";
"566";"8189";"2021-11-15";"KG";"Udskiftning af spiralkabel.
Udskiftning af potmeter(leveret af GMV)
Afprøvet.";
"567";"31914";"2021-11-25";"NV";"Potentiometer udskiftet
Label udskiftet
Afprøvet";
"568";"31914";"2021-11-25";"NV";"Potentiometer udskiftet
Label udskiftet
Afprøvet";
"569";"4033";"2021-11-25";"NV";"Label udskiftet
Potentiometer udskiftet
Spiralkabel udskiftet
Afprøvet";
"570";"4594";"2021-11-25";"NV";"Potentiometer udskiftet
Spiralkabel udskiftet
Afprøvet";
"571";"3321";"2021-11-25";"NV";"Label udskiftet
Potentiometer udskiftet
Afprøvet
";
"572";"3995";"2021-11-25";"NV";"Potentiometer udskiftet
Label udskiftet
Spiralkabel repareret
Afprøvet";
"573";"2721";"2021-11-25";"NV";"Potentiometer udskiftet
Label udskiftet
Afprøvet
";
"574";"5543";"2021-11-25";"NV";"Potentiometer udskiftet
Label udskiftet
Afprøvet
";
"575";"3844";"2021-11-25";"NV";"Potentiometer udskiftet
Label udskiftet
Monteret nyt stik på spiralkabel
Afprøvet";
"576";"9278";"2021-11-29";"NV";"Potentiometer udskiftet
Label udskiftet
Afprøvet";
"577";"32006";"2021-11-29";"NV";"Potentiometer udskiftet
Label udskiftet
Afprøvet";
"578";"32007";"2021-11-30";"NV";"Potentiometer udskiftet
Label udskiftet
Print fraisoleret fra kassen
Afprøvet";
"579";"5912";"2021-12-13";"KG";"Ladekredsløb Udskiftet
Batteri udskiftet(leveret af kunden)
2 stk lader leveret med.
Afprøvet.";
"580";"13799";"2021-12-20";"KG";"Print renset.
Efterset og afprøvet.";"Der har været vand i den.
Vi kan ikke se hvordan det er sket."
"581";"5911";"2021-12-22";"NV";"Batteri udskiftet
Ladekredsløb udskiftet
Crystal udskiftet
Afprøvet";
"582";"2807";"2022-01-05";"KG";"Udskiftning af display.
Afprøvet.";
"583";"8206";"2022-01-05";"NV";"Display udskiftet
Afprøvet";
"584";"5911";"2022-01-05";"KG";"Ladekreds udskiftet igen U/B
";"Måske er hans lader defekt"
"585";"3639";"2022-01-06";"NV";"Display udskiftet
Afprøvet";
"586";"5108";"2022-01-14";"KG";"Rep af ladekredsløb.
Ny lader leveret med.
Afprøvet.";
"587";"11952";"2022-02-02";"KG";"Efterset og afprøvet, kan ikke finde nogen fejl";"Kunden siger at den ikke vil lade, vi kan ikke se fejlen."
"588";"6188";"2022-02-03";"NV";"Label udskiftet pga fugtskade
Potentiometer udskiftet
Afprøvet";
"589";"2622";"2022-02-03";"NV";"Label udskiftet
Potentiometer udskiftet
Afprøvet";
"590";"2658";"2022-02-03";"NV";"Label udskiftet
Potentiometer udskiftet
Afprøvet";
"591";"336";"2022-02-09";"KG";"Udskiftning af potmeter.
Stik til label smurt med fedt.
Afprøvet.";
"592";"34663";"2022-02-10";"KG";"Udskiftning af potmeter(leveret af GMV)
Udskiftning af label(leveret af GMV)
Afprøvet.";
"593";"4476";"2022-02-10";"KG";"Udskiftning af potmeter(leveret af GMV)
Afprøvet.";
"594";"5354";"2022-02-11";"KG";"Udskiftning af potmeter.
Udskiftning af label.
Udskiftning af spiralkabel.
Afprøvet.";
"595";"2792";"2022-02-15";"KG";"Udskiftning af display.
Print renset.
Afprøvet.";
"596";"5108";"2022-03-11";"KG";"Udskiftning af radiomodul
Afprøvet.";
"597";"8493";"2022-03-22";"KG";"Udskiftning af display.
Afprøvet.";
"598";"8206";"2022-03-22";"KG";"Udskiftning af batteri.
Afprøvet.";
"599";"30195";"2022-03-24";"KG";"Tillerhead efterset, reklamation afvist.
Fugtskadet, kan ikke laves.
Plasttop lagt på lager til fremtidig produktion.";
"600";"7854";"2022-03-24";"KG";"Controller testet med 575 v3.8 software.
Ingen fejl fundet.";
"601";"5292";"2022-03-24";"KG";"Controller afprøvet, ingen fejl fundet.";
"602";"36935";"2022-03-24";"KG";"Udskiftning af potmeter.
Udskiftning af label.
Udskiftning af spiralkabel.
Udskiftning af print.
Print fraisoleret kabinet.
Afprøvet.";
"603";"7578";"2022-03-25";"KG";"Udskiftning af label.
Udskiftning af print.
Udskiftning af potmeter.
Afprøvet.";
"604";"903";"2022-03-25";"KG";"Udskiftning af label(fugtskade).
Udskiftning af potmeter.
Afprøvet.";
"605";"1993";"2022-03-25";"KG";"Udskiftning af label (fysiks skade).
Udskiftning af potmeter.
Afprøvet.";
"606";"4030";"2022-03-25";"KG";"Udskiftning af label.
Udskiftning af potmeter.
Afprøvet.";
"607";"4683";"2022-03-28";"KG";"Udskiftning af label(fysiks skade)
Udskiftning af potmeter.
Udskiftning af spiralkabel.
Afprøvet.";
"608";"3426";"2022-03-28";"KG";"Udskiftning af spiralkabel.
Udskiftning af potmeter.
Afprøvet.";
"609";"1240";"2022-03-28";"KG";"Udskiftning af spiralkabel.
Udskiftning af potmeter.
Afprøvet.";
"610";"2438";"2022-03-29";"KG";"Udskiftning af batteri.
Udskiftning af ladekredsløb.
Afprøvet.";
"611";"9927";"2022-04-11";"NV";"DC connector udskiftet
Software opdateret til 1,2
Afprøvet";"Kunde oplever udfald på spejl/radiosignal
Fejl ikke konstateret ved afprøvning her
DC stik udskiftet/software opdateret 
Kenneth Bendtsen
Kløverstien 37, 4300 Holbæk"
"612";"5911";"2022-04-20";"KG";"Display renset.
Print renset.
Afprøvet.";
"613";"2508";"2022-04-21";"NV";"Display udskifet
Batteri udskiftet
Afprøvet";
"614";"3113";"2022-05-04";"NV";"Display udskiftet.
Afprøvet.";"Crystal loddet på igen"
"615";"1706";"2022-05-12";"NV";"Label udskiftet
Potentiometer udskiftet
Afprøvet";
"616";"1706";"2022-05-12";"NV";"Label udskiftet
Potentiometer udskiftet
Afprøvet";
"617";"4021";"2022-05-12";"NV";"Label udskiftet
Potentiometer udskiftet
Afprøvet";
"618";"1502";"2022-05-12";"NV";"Print udskiftet
Label udskiftet
Potentiometer udskiftet
Afprøvet";
"619";"4124";"2022-05-16";"NV";"Print udskiftet
Potentiometer udskiftet
Afprøvet";
"620";"33493";"2022-05-23";"EUK";"Fejl rettet på print : REKLAMATION
Fejl på LED8 - Ikke loddet korrekt (Håndloddet).
J4 Stik udskiftet. Klager over manglende forbindelse.
Rep. og returneret samme dag. ";"Mogens har produceret disse print."
"621";"29170";"2022-05-23";"EUK";"Test af opdatering af +5V forsyning til SEND versionen.
Vi har noget støj på SEND signalet som måske stammer fra +5v forsyningen. Nu er der isat en Amitec 7805 + 47µF50V lyt. Udgangen er loddet direkte på den eksisternde spole (LC).
https://drive.google.com/file/d/1_MRndKXcETGL31tiF5iDlX2kRwMUoBYh/view?usp=sharing
";
"622";"5911";"2022-05-25";"KG";"Udskiftning af display.
Afprøvet.";
"623";"29959";"2022-05-31";"KG";"Genprogrammeret og afprøvet.";"Der var sket en fejl under programmering og GMV kunne ikke få den til at virke derefter."
"624";"28976";"2022-05-31";"KG";"Curtis HYD overbelastet, print er brændt.
Kan ikke laves.";
"625";"2434";"2022-06-01";"NV";"Display udskiftet.
Afprøvet";
"626";"5912";"2022-06-28";"KG";"Udskiftning af display.
Software opdateret.
Afprøvet.";"Ville ikke starte op.
Ny software og problemet var løst.
"
"627";"5911";"2022-08-03";"KG";"Display renset.
Udskiftning af MMB print.
Afprøvet.";
"628";"4123";"2022-08-10";"KG";"Udskiftning af label
Udskiftning af potmeter.
Udskiftning af spiralkabel.
Afprøvet.";
"629";"5911";"2022-08-29";"KG";"Display renset.
Afprøvet.";
"630";"6193";"2022-08-29";"NV";"Potentiometer udskiftet
Label udskiftet
Afprøvet";
"631";"4041";"2022-08-29";"NV";"Potentiometer udskiftet
Label udskiftet
Rep af spiralkabel fra brugtlager
Afprøvet";
"632";"2792";"2022-09-20";"KG";"Udskiftning af display og batteri.
Afprøvet.";
"633";"46166";"2022-09-22";"KG";"Udskiftning af label.
Udskiftning af potmeter.
Udskiftning af print.
Afprøvet.";
"634";"3165";"2022-09-22";"KG";"Udskiftning af label.(knap 6 defekt).
Udskiftning af potmeter.
Afprøvet.";
"635";"4184";"2022-09-22";"KG";"Udskiftning af label(knap 4 defekt).
Udskiftning af potmeter.
Afprøvet.";
"636";"1192";"2022-09-22";"KG";"Udskiftning af label(ingen funktion).
Udskiftning af potmeter.
Udskiftning af spiralkabel.
Afprøvet.";
"637";"2438";"2022-09-27";"NV";"Afladet på grund af defekt lader
Ladet op og afprøvet
Ny lader medsendt
";
"638";"11954";"2022-09-28";"NV";"Kasse / label udskiftet på grund af fysisk skade.
Display udskiftet.
Afprøvet.";
"639";"5464";"2022-09-30";"KG";"Udskiftning af display.
Print renset.
Afprøvet.";
"640";"1687";"2022-10-11";"KG";"Udskiftning af display.
Print renset.
Afprøvet.";
"641";"2647";"2022-10-11";"KG";"Udskiftning af display.
Print renset.
Afprøvet.";
"642";"5034";"2022-10-20";"KG";"Udskiftning af batteri.
Udskiftning af display.
Afprøvet.";
"643";"3314";"2022-10-24";"KG";"Udskiftning af batteri. 
Afprøvet.";
"644";"15421";"2022-11-02";"KG";"Udskiftning af display.
Rep af dårlig forbindelse ved krystal til CPU.
Afprøvet.";
"645";"2644";"2022-11-14";"NV";"Display udskiftet
Afprøvet";
"646";"12170";"2022-11-14";"NV";"Fjernbetjening adskilt og renset for snavs, der aktiverede displayet.
Afprøvet.
";
"647";"2439";"2022-11-16";"KG";"Udskiftning af batteri.
Fjernbetjening adskilt og renset.
Afprøvet.";
"648";"8206";"2022-11-17";"KG";"Adskilt og renset.
Afprøvet.";
"649";"5912";"2022-12-02";"KG";"Display renset.
Print renset for ir.
Afprøvet.";
"650";"5911";"2022-12-20";"NV";"Display udskiftet
Afprøvet";
"651";"4508";"2023-01-04";"NV";"Ladeprint udskiftet
Afprøvet";
"652";"2439";"2023-01-04";"NV";"Ladeprint og ladestik udskiftet
Afprøvet";
"653";"11951";"2023-01-05";"NV";"Display udskiftet på grund af,
at fjernbetjening har været tabt
Afprøvet";
"654";"1602";"2023-01-10";"NV";"Fejlsøgning og test
Ingen fejl konstateret
Opdateret til software v.2.3";
"655";"4508";"2023-01-18";"NV";"Display udskiftet
Afprøvet";
"656";"2809";"2023-02-03";"KG";"Udskiftning af label
Udskiftning af potmeter.
Ombygget til Winlet1000-Belt model med ekstra knap.
Afprøvet.";
"657";"2647";"2023-02-07";"NV";"Display udskiftet
Batteri udskiftet
Afprøvet";"Crystal loddet (var faldet af printet)"
"658";"12170";"2023-02-09";"NV";"Display udskiftet
Afprøvet";"MMB board skiftet pga løs loddeø
Skade sket under produktion
Derfor U/B"
"659";"50903";"2023-02-09";;"Fiktivt serienummer for at skifte 2 år";
"660";"6018";"2023-03-27";"NV";"Udskiftet display
Afprøvet";"Crystal loddet fast"
"661";"47149";"2023-03-27";"NV";"Power Induktor udskiftet
Afprøvet";
"662";"8206";"2023-04-28";;"Udskiftning af display.
Afprøvet.";
"663";"55293";"2023-05-08";"NV";"Label udskiftet
Potentiometer udskiftet
Afprøvet";
"664";"2719";"2023-05-09";"NV";"Potentiometer udskiftet
Afprøvet";
"665";"5411";"2023-05-09";"NV";"Label udskiftet
Potentiometer udskiftet
Afprøvet";
"666";"55329";"2023-05-09";"NV";"Label udskiftet
Potentiometer udskiftet
Afprøvet";
"667";"55340";"2023-05-09";"NV";"Label udskiftet
Potentiometer udskiftet
Afprøvet";
"668";"3320";"2023-05-09";"NV";"Label udskiftet
Potentiometer udskiftet
Afprøvet";
"669";"5058";"2023-05-10";"NV";"Label udskiftet
Spiralkabel udskiftet
Potentiometer udskiftet
Afprøvet";
